Name,Icon Image
Bea,"""https://acnhcdn.com/latest/NpcIcon/dog10.png"""
Tucker,"""https://acnhcdn.com/latest/NpcIcon/elp09.png"""
Al,"""https://acnhcdn.com/latest/NpcIcon/gor08.png"""
Stu,"""https://acnhcdn.com/latest/NpcIcon/bul03.png"""
Lolly,"""https://acnhcdn.com/latest/NpcIcon/cat18.png"""
Hans,"""https://acnhcdn.com/latest/NpcIcon/gor10.png"""
Puddles,"""https://acnhcdn.com/latest/NpcIcon/flg06.png"""
Eugene,"""https://acnhcdn.com/latest/NpcIcon/kal10.png"""
Agnes,"""https://acnhcdn.com/latest/NpcIcon/pig17.png"""
Vivian,"""https://acnhcdn.com/latest/NpcIcon/wol08.png"""
Prince,"""https://acnhcdn.com/latest/NpcIcon/flg12.png"""
Chevre,"""https://acnhcdn.com/latest/NpcIcon/goa00.png"""
Bertha,"""https://acnhcdn.com/latest/NpcIcon/hip03.png"""
Peck,"""https://acnhcdn.com/latest/NpcIcon/brd17.png"""
Grizzly,"""https://acnhcdn.com/latest/NpcIcon/bea09.png"""
Goldie,"""https://acnhcdn.com/latest/NpcIcon/dog00.png"""
Spork,"""https://acnhcdn.com/latest/NpcIcon/pig05.png"""
Static,"""https://acnhcdn.com/latest/NpcIcon/squ08.png"""
Fauna,"""https://acnhcdn.com/latest/NpcIcon/der00.png"""
Graham,"""https://acnhcdn.com/latest/NpcIcon/ham02.png"""
Tammy,"""https://acnhcdn.com/latest/NpcIcon/cbr17.png"""
Lyman,"""https://acnhcdn.com/latest/NpcIcon/kal09.png"""
Mac,"""https://acnhcdn.com/latest/NpcIcon/dog14.png"""
Queenie,"""https://acnhcdn.com/latest/NpcIcon/ost00.png"""
Sylvia,"""https://acnhcdn.com/latest/NpcIcon/kgr06.png"""
Stinky,"""https://acnhcdn.com/latest/NpcIcon/cat13.png"""
Blanche,"""https://acnhcdn.com/latest/NpcIcon/ost08.png"""
Sherb,"""https://acnhcdn.com/latest/NpcIcon/goa09.png"""
Shep,"""https://acnhcdn.com/latest/NpcIcon/dog18.png"""
Goose,"""https://acnhcdn.com/latest/NpcIcon/chn00.png"""
Buck,"""https://acnhcdn.com/latest/NpcIcon/hrs00.png"""
Ike,"""https://acnhcdn.com/latest/NpcIcon/bea11.png"""
Miranda,"""https://acnhcdn.com/latest/NpcIcon/duk12.png"""
Caroline,"""https://acnhcdn.com/latest/NpcIcon/squ06.png"""
Bones,"""https://acnhcdn.com/latest/NpcIcon/dog04.png"""
Curt,"""https://acnhcdn.com/latest/NpcIcon/bea02.png"""
Cousteau,"""https://acnhcdn.com/latest/NpcIcon/flg10.png"""
Friga,"""https://acnhcdn.com/latest/NpcIcon/pgn04.png"""
Katt,"""https://acnhcdn.com/latest/NpcIcon/cat21.png"""
Bangle,"""https://acnhcdn.com/latest/NpcIcon/tig03.png"""
Elmer,"""https://acnhcdn.com/latest/NpcIcon/hrs03.png"""
Rizzo,"""https://acnhcdn.com/latest/NpcIcon/mus09.png"""
Pecan,"""https://acnhcdn.com/latest/NpcIcon/squ03.png"""
Lopez,"""https://acnhcdn.com/latest/NpcIcon/der05.png"""
Vesta,"""https://acnhcdn.com/latest/NpcIcon/shp00.png"""
Limberg,"""https://acnhcdn.com/latest/NpcIcon/mus01.png"""
Savannah,"""https://acnhcdn.com/latest/NpcIcon/hrs02.png"""
Lucha,"""https://acnhcdn.com/latest/NpcIcon/brd15.png"""
Sally,"""https://acnhcdn.com/latest/NpcIcon/squ07.png"""
Boone,"""https://acnhcdn.com/latest/NpcIcon/gor02.png"""
Naomi,"""https://acnhcdn.com/latest/NpcIcon/cow07.png"""
Jeremiah,"""https://acnhcdn.com/latest/NpcIcon/flg07.png"""
Poppy,"""https://acnhcdn.com/latest/NpcIcon/squ15.png"""
Dom,"""https://acnhcdn.com/latest/NpcIcon/shp15.png"""
Reneigh,"""https://acnhcdn.com/latest/NpcIcon/hrs16.png"""
Kitty,"""https://acnhcdn.com/latest/NpcIcon/cat14.png"""
Iggly,"""https://acnhcdn.com/latest/NpcIcon/pgn11.png"""
Octavian,"""https://acnhcdn.com/latest/NpcIcon/ocp00.png"""
Canberra,"""https://acnhcdn.com/latest/NpcIcon/kal08.png"""
Merengue,"""https://acnhcdn.com/latest/NpcIcon/rhn07.png"""
Butch,"""https://acnhcdn.com/latest/NpcIcon/dog01.png"""
Simon,"""https://acnhcdn.com/latest/NpcIcon/mnk02.png"""
Pango,"""https://acnhcdn.com/latest/NpcIcon/ant02.png"""
Norma,"""https://acnhcdn.com/latest/NpcIcon/cow06.png"""
Coach,"""https://acnhcdn.com/latest/NpcIcon/bul07.png"""
Rodeo,"""https://acnhcdn.com/latest/NpcIcon/bul01.png"""
Keaton,"""https://acnhcdn.com/latest/NpcIcon/pbr08.png"""
Scoot,"""https://acnhcdn.com/latest/NpcIcon/duk10.png"""
Joey,"""https://acnhcdn.com/latest/NpcIcon/duk01.png"""
Dora,"""https://acnhcdn.com/latest/NpcIcon/mus00.png"""
Bella,"""https://acnhcdn.com/latest/NpcIcon/mus02.png"""
Anchovy,"""https://acnhcdn.com/latest/NpcIcon/brd02.png"""
Camofrog,"""https://acnhcdn.com/latest/NpcIcon/flg03.png"""
Rod,"""https://acnhcdn.com/latest/NpcIcon/mus05.png"""
Marcel,"""https://acnhcdn.com/latest/NpcIcon/dog15.png"""
Mitzi,"""https://acnhcdn.com/latest/NpcIcon/cat01.png"""
Ellie,"""https://acnhcdn.com/latest/NpcIcon/elp07.png"""
Sylvana,"""https://acnhcdn.com/latest/NpcIcon/squ14.png"""
O'Hare,"""https://acnhcdn.com/latest/NpcIcon/rbt15.png"""
Cobb,"""https://acnhcdn.com/latest/NpcIcon/pig08.png"""
Angus,"""https://acnhcdn.com/latest/NpcIcon/bul00.png"""
Colton,"""https://acnhcdn.com/latest/NpcIcon/hrs11.png"""
Drago,"""https://acnhcdn.com/latest/NpcIcon/crd08.png"""
Annalisa,"""https://acnhcdn.com/latest/NpcIcon/ant08.png"""
Rowan,"""https://acnhcdn.com/latest/NpcIcon/tig01.png"""
Moe,"""https://acnhcdn.com/latest/NpcIcon/cat08.png"""
Lucy,"""https://acnhcdn.com/latest/NpcIcon/pig04.png"""
Melba,"""https://acnhcdn.com/latest/NpcIcon/kal02.png"""
Gwen,"""https://acnhcdn.com/latest/NpcIcon/pgn05.png"""
Opal,"""https://acnhcdn.com/latest/NpcIcon/elp00.png"""
Del,"""https://acnhcdn.com/latest/NpcIcon/crd04.png"""
Kabuki,"""https://acnhcdn.com/latest/NpcIcon/cat09.png"""
Puck,"""https://acnhcdn.com/latest/NpcIcon/pgn06.png"""
Tex,"""https://acnhcdn.com/latest/NpcIcon/pgn12.png"""
Ed,"""https://acnhcdn.com/latest/NpcIcon/hrs06.png"""
Baabara,"""https://acnhcdn.com/latest/NpcIcon/shp01.png"""
Quillson,"""https://acnhcdn.com/latest/NpcIcon/duk17.png"""
Egbert,"""https://acnhcdn.com/latest/NpcIcon/chn02.png"""
Wade,"""https://acnhcdn.com/latest/NpcIcon/pgn09.png"""
Frank,"""https://acnhcdn.com/latest/NpcIcon/pbr06.png"""
Jacob,"""https://acnhcdn.com/latest/NpcIcon/brd11.png"""
Tom,"""https://acnhcdn.com/latest/NpcIcon/cat15.png"""
Marshal,"""https://acnhcdn.com/latest/NpcIcon/squ17.png"""
Molly,"""https://acnhcdn.com/latest/NpcIcon/duk16.png"""
June,"""https://acnhcdn.com/latest/NpcIcon/cbr13.png"""
Cherry,"""https://acnhcdn.com/latest/NpcIcon/dog17.png"""
Groucho,"""https://acnhcdn.com/latest/NpcIcon/bea06.png"""
Ribbot,"""https://acnhcdn.com/latest/NpcIcon/flg01.png"""
Snake,"""https://acnhcdn.com/latest/NpcIcon/rbt03.png"""
Curly,"""https://acnhcdn.com/latest/NpcIcon/pig00.png"""
Hornsby,"""https://acnhcdn.com/latest/NpcIcon/rhn04.png"""
Lionel,"""https://acnhcdn.com/latest/NpcIcon/lon08.png"""
Charlise,"""https://acnhcdn.com/latest/NpcIcon/bea12.png"""
Bill,"""https://acnhcdn.com/latest/NpcIcon/duk00.png"""
Bob,"""https://acnhcdn.com/latest/NpcIcon/cat00.png"""
Flora,"""https://acnhcdn.com/latest/NpcIcon/ost09.png"""
Rasher,"""https://acnhcdn.com/latest/NpcIcon/pig02.png"""
Klaus,"""https://acnhcdn.com/latest/NpcIcon/bea14.png"""
Nate,"""https://acnhcdn.com/latest/NpcIcon/bea05.png"""
Carmen,"""https://acnhcdn.com/latest/NpcIcon/rbt16.png"""
Genji,"""https://acnhcdn.com/latest/NpcIcon/rbt08.png"""
Bruce,"""https://acnhcdn.com/latest/NpcIcon/der03.png"""
Elvis,"""https://acnhcdn.com/latest/NpcIcon/lon01.png"""
Gruff,"""https://acnhcdn.com/latest/NpcIcon/goa04.png"""
Dizzy,"""https://acnhcdn.com/latest/NpcIcon/elp01.png"""
Gala,"""https://acnhcdn.com/latest/NpcIcon/pig13.png"""
Raymond,"""https://acnhcdn.com/latest/NpcIcon/cat23.png"""
Pierce,"""https://acnhcdn.com/latest/NpcIcon/pbr02.png"""
Leonardo,"""https://acnhcdn.com/latest/NpcIcon/tig04.png"""
Hopkins,"""https://acnhcdn.com/latest/NpcIcon/rbt14.png"""
Sly,"""https://acnhcdn.com/latest/NpcIcon/crd06.png"""
Tad,"""https://acnhcdn.com/latest/NpcIcon/flg09.png"""
Chester,"""https://acnhcdn.com/latest/NpcIcon/cbr15.png"""
Ricky,"""https://acnhcdn.com/latest/NpcIcon/squ10.png"""
Huck,"""https://acnhcdn.com/latest/NpcIcon/flg11.png"""
Diana,"""https://acnhcdn.com/latest/NpcIcon/der08.png"""
Elise,"""https://acnhcdn.com/latest/NpcIcon/mnk05.png"""
Knox,"""https://acnhcdn.com/latest/NpcIcon/chn11.png"""
Muffy,"""https://acnhcdn.com/latest/NpcIcon/shp12.png"""
Megan,"""https://acnhcdn.com/latest/NpcIcon/bea15.png"""
Cole,"""https://acnhcdn.com/latest/NpcIcon/rbt18.png"""
Shari,"""https://acnhcdn.com/latest/NpcIcon/mnk07.png"""
Chops,"""https://acnhcdn.com/latest/NpcIcon/pig14.png"""
Marina,"""https://acnhcdn.com/latest/NpcIcon/ocp01.png"""
Fuchsia,"""https://acnhcdn.com/latest/NpcIcon/der06.png"""
Boomer,"""https://acnhcdn.com/latest/NpcIcon/pgn10.png"""
Spike,"""https://acnhcdn.com/latest/NpcIcon/rhn02.png"""
Ken,"""https://acnhcdn.com/latest/NpcIcon/chn13.png"""
Pietro,"""https://acnhcdn.com/latest/NpcIcon/shp13.png"""
Twiggy,"""https://acnhcdn.com/latest/NpcIcon/brd03.png"""
Cookie,"""https://acnhcdn.com/latest/NpcIcon/dog08.png"""
Sprinkle,"""https://acnhcdn.com/latest/NpcIcon/pgn14.png"""
Tabby,"""https://acnhcdn.com/latest/NpcIcon/cat12.png"""
Rocket,"""https://acnhcdn.com/latest/NpcIcon/gor09.png"""
Ozzie,"""https://acnhcdn.com/latest/NpcIcon/kal05.png"""
Peggy,"""https://acnhcdn.com/latest/NpcIcon/pig11.png"""
Velma,"""https://acnhcdn.com/latest/NpcIcon/goa06.png"""
Kitt,"""https://acnhcdn.com/latest/NpcIcon/kgr00.png"""
Louie,"""https://acnhcdn.com/latest/NpcIcon/gor04.png"""
Mira,"""https://acnhcdn.com/latest/NpcIcon/rbt19.png"""
Eloise,"""https://acnhcdn.com/latest/NpcIcon/elp03.png"""
Annalise,"""https://acnhcdn.com/latest/NpcIcon/hrs09.png"""
Rhonda,"""https://acnhcdn.com/latest/NpcIcon/rhn01.png"""
Pudge,"""https://acnhcdn.com/latest/NpcIcon/cbr03.png"""
Raddle,"""https://acnhcdn.com/latest/NpcIcon/flg15.png"""
Vic,"""https://acnhcdn.com/latest/NpcIcon/bul08.png"""
Pekoe,"""https://acnhcdn.com/latest/NpcIcon/cbr14.png"""
Benjamin,"""https://acnhcdn.com/latest/NpcIcon/dog16.png"""
Chow,"""https://acnhcdn.com/latest/NpcIcon/bea03.png"""
Beau,"""https://acnhcdn.com/latest/NpcIcon/der07.png"""
Blaire,"""https://acnhcdn.com/latest/NpcIcon/squ01.png"""
Kidd,"""https://acnhcdn.com/latest/NpcIcon/goa07.png"""
Chadder,"""https://acnhcdn.com/latest/NpcIcon/mus18.png"""
Antonio,"""https://acnhcdn.com/latest/NpcIcon/ant01.png"""
Jay,"""https://acnhcdn.com/latest/NpcIcon/brd00.png"""
Nana,"""https://acnhcdn.com/latest/NpcIcon/mnk01.png"""
Tangy,"""https://acnhcdn.com/latest/NpcIcon/cat05.png"""
Flo,"""https://acnhcdn.com/latest/NpcIcon/pgn13.png"""
Clay,"""https://acnhcdn.com/latest/NpcIcon/ham05.png"""
Biff,"""https://acnhcdn.com/latest/NpcIcon/hip04.png"""
Mallary,"""https://acnhcdn.com/latest/NpcIcon/duk06.png"""
Lucky,"""https://acnhcdn.com/latest/NpcIcon/dog02.png"""
Olive,"""https://acnhcdn.com/latest/NpcIcon/cbr09.png"""
Boyd,"""https://acnhcdn.com/latest/NpcIcon/gor05.png"""
Sydney,"""https://acnhcdn.com/latest/NpcIcon/kal03.png"""
Phil,"""https://acnhcdn.com/latest/NpcIcon/ost07.png"""
Murphy,"""https://acnhcdn.com/latest/NpcIcon/cbr07.png"""
Drake,"""https://acnhcdn.com/latest/NpcIcon/duk09.png"""
Vladimir,"""https://acnhcdn.com/latest/NpcIcon/cbr06.png"""
Alice,"""https://acnhcdn.com/latest/NpcIcon/kal01.png"""
Walker,"""https://acnhcdn.com/latest/NpcIcon/dog06.png"""
Sprocket,"""https://acnhcdn.com/latest/NpcIcon/ost03.png"""
Big Top,"""https://acnhcdn.com/latest/NpcIcon/elp02.png"""
Rudy,"""https://acnhcdn.com/latest/NpcIcon/cat20.png"""
Frobert,"""https://acnhcdn.com/latest/NpcIcon/flg02.png"""
Becky,"""https://acnhcdn.com/latest/NpcIcon/chn09.png"""
Bitty,"""https://acnhcdn.com/latest/NpcIcon/hip05.png"""
Midge,"""https://acnhcdn.com/latest/NpcIcon/brd08.png"""
Sterling,"""https://acnhcdn.com/latest/NpcIcon/pbr07.png"""
Skye,"""https://acnhcdn.com/latest/NpcIcon/wol09.png"""
Carrie,"""https://acnhcdn.com/latest/NpcIcon/kgr02.png"""
Violet,"""https://acnhcdn.com/latest/NpcIcon/gor07.png"""
Plucky,"""https://acnhcdn.com/latest/NpcIcon/chn10.png"""
Ankha,"""https://acnhcdn.com/latest/NpcIcon/cat19.png"""
Hamphrey,"""https://acnhcdn.com/latest/NpcIcon/ham07.png"""
Henry,"""https://acnhcdn.com/latest/NpcIcon/flg19.png"""
Mott,"""https://acnhcdn.com/latest/NpcIcon/lon06.png"""
Gladys,"""https://acnhcdn.com/latest/NpcIcon/ost01.png"""
Papi,"""https://acnhcdn.com/latest/NpcIcon/hrs12.png"""
Apple,"""https://acnhcdn.com/latest/NpcIcon/ham01.png"""
Pashmina,"""https://acnhcdn.com/latest/NpcIcon/goa08.png"""
Broffina,"""https://acnhcdn.com/latest/NpcIcon/chn12.png"""
Amelia,"""https://acnhcdn.com/latest/NpcIcon/pbr01.png"""
Wart Jr.,"""https://acnhcdn.com/latest/NpcIcon/flg05.png"""
Cyrano,"""https://acnhcdn.com/latest/NpcIcon/ant00.png"""
Penelope,"""https://acnhcdn.com/latest/NpcIcon/mus17.png"""
Roscoe,"""https://acnhcdn.com/latest/NpcIcon/hrs04.png"""
Daisy,"""https://acnhcdn.com/latest/NpcIcon/dog07.png"""
Winnie,"""https://acnhcdn.com/latest/NpcIcon/hrs05.png"""
Leopold,"""https://acnhcdn.com/latest/NpcIcon/lon04.png"""
Claudia,"""https://acnhcdn.com/latest/NpcIcon/tig05.png"""
Harry,"""https://acnhcdn.com/latest/NpcIcon/hip08.png"""
Jambette,"""https://acnhcdn.com/latest/NpcIcon/flg13.png"""
Avery,"""https://acnhcdn.com/latest/NpcIcon/pbr05.png"""
Piper,"""https://acnhcdn.com/latest/NpcIcon/brd05.png"""
Lobo,"""https://acnhcdn.com/latest/NpcIcon/wol01.png"""
Anabelle,"""https://acnhcdn.com/latest/NpcIcon/ant03.png"""
Aurora,"""https://acnhcdn.com/latest/NpcIcon/pgn00.png"""
Hazel,"""https://acnhcdn.com/latest/NpcIcon/squ18.png"""
Maddie,"""https://acnhcdn.com/latest/NpcIcon/dog09.png"""
Tammi,"""https://acnhcdn.com/latest/NpcIcon/mnk03.png"""
Roald,"""https://acnhcdn.com/latest/NpcIcon/pgn01.png"""
Julia,"""https://acnhcdn.com/latest/NpcIcon/ost05.png"""
Willow,"""https://acnhcdn.com/latest/NpcIcon/shp07.png"""
Clyde,"""https://acnhcdn.com/latest/NpcIcon/hrs10.png"""
Weber,"""https://acnhcdn.com/latest/NpcIcon/duk11.png"""
Peewee,"""https://acnhcdn.com/latest/NpcIcon/gor01.png"""
T-Bone,"""https://acnhcdn.com/latest/NpcIcon/bul05.png"""
Olaf,"""https://acnhcdn.com/latest/NpcIcon/ant09.png"""
Doc,"""https://acnhcdn.com/latest/NpcIcon/rbt10.png"""
Zell,"""https://acnhcdn.com/latest/NpcIcon/der02.png"""
Wolfgang,"""https://acnhcdn.com/latest/NpcIcon/wol02.png"""
Claude,"""https://acnhcdn.com/latest/NpcIcon/rbt11.png"""
Timbra,"""https://acnhcdn.com/latest/NpcIcon/shp10.png"""
Gloria,"""https://acnhcdn.com/latest/NpcIcon/duk15.png"""
Bunnie,"""https://acnhcdn.com/latest/NpcIcon/rbt00.png"""
Drift,"""https://acnhcdn.com/latest/NpcIcon/flg04.png"""
Anicotti,"""https://acnhcdn.com/latest/NpcIcon/mus10.png"""
Stitches,"""https://acnhcdn.com/latest/NpcIcon/cbr05.png"""
Bettina,"""https://acnhcdn.com/latest/NpcIcon/mus15.png"""
Gabi,"""https://acnhcdn.com/latest/NpcIcon/rbt05.png"""
Jacques,"""https://acnhcdn.com/latest/NpcIcon/brd16.png"""
Monique,"""https://acnhcdn.com/latest/NpcIcon/cat11.png"""
Ava,"""https://acnhcdn.com/latest/NpcIcon/chn05.png"""
Tiffany,"""https://acnhcdn.com/latest/NpcIcon/rbt07.png"""
Rory,"""https://acnhcdn.com/latest/NpcIcon/lon07.png"""
Punchy,"""https://acnhcdn.com/latest/NpcIcon/cat06.png"""
Zucker,"""https://acnhcdn.com/latest/NpcIcon/ocp02.png"""
Nibbles,"""https://acnhcdn.com/latest/NpcIcon/squ04.png"""
Gonzo,"""https://acnhcdn.com/latest/NpcIcon/kal04.png"""
Tasha,"""https://acnhcdn.com/latest/NpcIcon/squ13.png"""
Pinky,"""https://acnhcdn.com/latest/NpcIcon/bea01.png"""
Rolf,"""https://acnhcdn.com/latest/NpcIcon/tig00.png"""
Admiral,"""https://acnhcdn.com/latest/NpcIcon/brd06.png"""
Deli,"""https://acnhcdn.com/latest/NpcIcon/mnk08.png"""
Monty,"""https://acnhcdn.com/latest/NpcIcon/mnk04.png"""
Hamlet,"""https://acnhcdn.com/latest/NpcIcon/ham00.png"""
Erik,"""https://acnhcdn.com/latest/NpcIcon/der09.png"""
Tutu,"""https://acnhcdn.com/latest/NpcIcon/bea07.png"""
Broccolo,"""https://acnhcdn.com/latest/NpcIcon/mus12.png"""
Ursala,"""https://acnhcdn.com/latest/NpcIcon/bea08.png"""
Bam,"""https://acnhcdn.com/latest/NpcIcon/der01.png"""
Cyd,"""https://acnhcdn.com/latest/NpcIcon/elp12.png"""
Francine,"""https://acnhcdn.com/latest/NpcIcon/rbt12.png"""
Diva,"""https://acnhcdn.com/latest/NpcIcon/flg18.png"""
Gaston,"""https://acnhcdn.com/latest/NpcIcon/rbt04.png"""
Renée,"""https://acnhcdn.com/latest/NpcIcon/rhn08.png"""
Moose,"""https://acnhcdn.com/latest/NpcIcon/mus14.png"""
Rosie,"""https://acnhcdn.com/latest/NpcIcon/cat02.png"""
Boots,"""https://acnhcdn.com/latest/NpcIcon/crd02.png"""
Paula,"""https://acnhcdn.com/latest/NpcIcon/bea10.png"""
Gigi,"""https://acnhcdn.com/latest/NpcIcon/flg16.png"""
Rodney,"""https://acnhcdn.com/latest/NpcIcon/ham03.png"""
Bianca,"""https://acnhcdn.com/latest/NpcIcon/tig06.png"""
Hugh,"""https://acnhcdn.com/latest/NpcIcon/pig03.png"""
Soleil,"""https://acnhcdn.com/latest/NpcIcon/ham04.png"""
Astrid,"""https://acnhcdn.com/latest/NpcIcon/kgr05.png"""
Deirdre,"""https://acnhcdn.com/latest/NpcIcon/der04.png"""
Marcie,"""https://acnhcdn.com/latest/NpcIcon/kgr10.png"""
Whitney,"""https://acnhcdn.com/latest/NpcIcon/wol03.png"""
Eunice,"""https://acnhcdn.com/latest/NpcIcon/shp02.png"""
Greta,"""https://acnhcdn.com/latest/NpcIcon/mus16.png"""
Patty,"""https://acnhcdn.com/latest/NpcIcon/cow00.png"""
Croque,"""https://acnhcdn.com/latest/NpcIcon/flg17.png"""
Cleo,"""https://acnhcdn.com/latest/NpcIcon/hrs07.png"""
Buzz,"""https://acnhcdn.com/latest/NpcIcon/pbr03.png"""
Tipper,"""https://acnhcdn.com/latest/NpcIcon/cow01.png"""
Rooney,"""https://acnhcdn.com/latest/NpcIcon/kgr09.png"""
Sparro,"""https://acnhcdn.com/latest/NpcIcon/brd18.png"""
Bonbon,"""https://acnhcdn.com/latest/NpcIcon/rbt17.png"""
Yuka,"""https://acnhcdn.com/latest/NpcIcon/kal00.png"""
Sheldon,"""https://acnhcdn.com/latest/NpcIcon/squ16.png"""
Billy,"""https://acnhcdn.com/latest/NpcIcon/goa02.png"""
Mathilda,"""https://acnhcdn.com/latest/NpcIcon/kgr01.png"""
Coco,"""https://acnhcdn.com/latest/NpcIcon/rbt02.png"""
Victoria,"""https://acnhcdn.com/latest/NpcIcon/hrs01.png"""
Kiki,"""https://acnhcdn.com/latest/NpcIcon/cat04.png"""
Tybalt,"""https://acnhcdn.com/latest/NpcIcon/tig02.png"""
Purrl,"""https://acnhcdn.com/latest/NpcIcon/cat07.png"""
Lily,"""https://acnhcdn.com/latest/NpcIcon/flg00.png"""
Boris,"""https://acnhcdn.com/latest/NpcIcon/pig09.png"""
Felicity,"""https://acnhcdn.com/latest/NpcIcon/cat17.png"""
Phoebe,"""https://acnhcdn.com/latest/NpcIcon/ost10.png"""
Bree,"""https://acnhcdn.com/latest/NpcIcon/mus03.png"""
Gayle,"""https://acnhcdn.com/latest/NpcIcon/crd07.png"""
Audie,"""https://acnhcdn.com/latest/NpcIcon/wol12.png"""
Deena,"""https://acnhcdn.com/latest/NpcIcon/duk04.png"""
Bubbles,"""https://acnhcdn.com/latest/NpcIcon/hip02.png"""
Kody,"""https://acnhcdn.com/latest/NpcIcon/cbr04.png"""
Tank,"""https://acnhcdn.com/latest/NpcIcon/rhn00.png"""
Kevin,"""https://acnhcdn.com/latest/NpcIcon/pig15.png"""
Alli,"""https://acnhcdn.com/latest/NpcIcon/crd01.png"""
Tia,"""https://acnhcdn.com/latest/NpcIcon/elp10.png"""
Maple,"""https://acnhcdn.com/latest/NpcIcon/cbr01.png"""
Maelle,"""https://acnhcdn.com/latest/NpcIcon/duk03.png"""
Paolo,"""https://acnhcdn.com/latest/NpcIcon/elp05.png"""
Bluebear,"""https://acnhcdn.com/latest/NpcIcon/cbr00.png"""
Snooty,"""https://acnhcdn.com/latest/NpcIcon/ant06.png"""
Sandy,"""https://acnhcdn.com/latest/NpcIcon/ost02.png"""
Judy,"""https://acnhcdn.com/latest/NpcIcon/cbr19.png"""
Kid Cat,"""https://acnhcdn.com/latest/NpcIcon/cat10.png"""
Kyle,"""https://acnhcdn.com/latest/NpcIcon/wol10.png"""
Flip,"""https://acnhcdn.com/latest/NpcIcon/mnk06.png"""
Stella,"""https://acnhcdn.com/latest/NpcIcon/shp03.png"""
Maggie,"""https://acnhcdn.com/latest/NpcIcon/pig10.png"""
Celia,"""https://acnhcdn.com/latest/NpcIcon/pbr09.png"""
Derwin,"""https://acnhcdn.com/latest/NpcIcon/duk08.png"""
Poncho,"""https://acnhcdn.com/latest/NpcIcon/cbr02.png"""
Merry,"""https://acnhcdn.com/latest/NpcIcon/cat16.png"""
Agent S,"""https://acnhcdn.com/latest/NpcIcon/squ05.png"""
Mint,"""https://acnhcdn.com/latest/NpcIcon/squ09.png"""
Cranston,"""https://acnhcdn.com/latest/NpcIcon/ost06.png"""
Pate,"""https://acnhcdn.com/latest/NpcIcon/duk02.png"""
Pancetti,"""https://acnhcdn.com/latest/NpcIcon/pig16.png"""
Pompom,"""https://acnhcdn.com/latest/NpcIcon/duk05.png"""
Barold,"""https://acnhcdn.com/latest/NpcIcon/cbr16.png"""
Bud,"""https://acnhcdn.com/latest/NpcIcon/lon00.png"""
Julian,"""https://acnhcdn.com/latest/NpcIcon/hrs13.png"""
Biskit,"""https://acnhcdn.com/latest/NpcIcon/dog03.png"""
Apollo,"""https://acnhcdn.com/latest/NpcIcon/pbr00.png"""
Dobie,"""https://acnhcdn.com/latest/NpcIcon/wol04.png"""
Walt,"""https://acnhcdn.com/latest/NpcIcon/kgr08.png"""
Peanut,"""https://acnhcdn.com/latest/NpcIcon/squ00.png"""
Beardo,"""https://acnhcdn.com/latest/NpcIcon/bea13.png"""
Cally,"""https://acnhcdn.com/latest/NpcIcon/squ11.png"""
Rocco,"""https://acnhcdn.com/latest/NpcIcon/hip00.png"""
Rex,"""https://acnhcdn.com/latest/NpcIcon/lon02.png"""
Cashmere,"""https://acnhcdn.com/latest/NpcIcon/shp04.png"""
Wendy,"""https://acnhcdn.com/latest/NpcIcon/shp09.png"""
Peaches,"""https://acnhcdn.com/latest/NpcIcon/hrs08.png"""
Margie,"""https://acnhcdn.com/latest/NpcIcon/elp04.png"""
Chrissy,"""https://acnhcdn.com/latest/NpcIcon/rbt13.png"""
Flurry,"""https://acnhcdn.com/latest/NpcIcon/ham06.png"""
Portia,"""https://acnhcdn.com/latest/NpcIcon/dog05.png"""
Axel,"""https://acnhcdn.com/latest/NpcIcon/elp06.png"""
Pippy,"""https://acnhcdn.com/latest/NpcIcon/rbt06.png"""
Freya,"""https://acnhcdn.com/latest/NpcIcon/wol05.png"""
Dotty,"""https://acnhcdn.com/latest/NpcIcon/rbt01.png"""
Chief,"""https://acnhcdn.com/latest/NpcIcon/wol00.png"""
Benedict,"""https://acnhcdn.com/latest/NpcIcon/chn01.png"""
Olivia,"""https://acnhcdn.com/latest/NpcIcon/cat03.png"""
Frita,"""https://acnhcdn.com/latest/NpcIcon/shp11.png"""
Candi,"""https://acnhcdn.com/latest/NpcIcon/mus08.png"""
Samson,"""https://acnhcdn.com/latest/NpcIcon/mus04.png"""
Cube,"""https://acnhcdn.com/latest/NpcIcon/pgn02.png"""
Cesar,"""https://acnhcdn.com/latest/NpcIcon/gor00.png"""
Ruby,"""https://acnhcdn.com/latest/NpcIcon/rbt09.png"""
Nan,"""https://acnhcdn.com/latest/NpcIcon/goa01.png"""
Fang,"""https://acnhcdn.com/latest/NpcIcon/wol06.png"""
Cheri,"""https://acnhcdn.com/latest/NpcIcon/cbr10.png"""
Alfonso,"""https://acnhcdn.com/latest/NpcIcon/crd00.png"""
Robin,"""https://acnhcdn.com/latest/NpcIcon/brd01.png"""
Ketchup,"""https://acnhcdn.com/latest/NpcIcon/duk13.png"""
Freckles,"""https://acnhcdn.com/latest/NpcIcon/duk07.png"""
Teddy,"""https://acnhcdn.com/latest/NpcIcon/bea00.png"""
Filbert,"""https://acnhcdn.com/latest/NpcIcon/squ02.png"""
Hopper,"""https://acnhcdn.com/latest/NpcIcon/pgn03.png"""
Truffles,"""https://acnhcdn.com/latest/NpcIcon/pig01.png"""
Jitters,"""https://acnhcdn.com/latest/NpcIcon/brd04.png"""
Hippeux,"""https://acnhcdn.com/latest/NpcIcon/hip09.png"""
Curlos,"""https://acnhcdn.com/latest/NpcIcon/shp08.png"""